{
	"name": "BREED_S2",
	"properties": {
		"linkedServiceName": {
			"referenceName": "snowflake_pet_stage",
			"type": "LinkedServiceReference"
		},
		"annotations": [],
		"type": "SnowflakeV2Table",
		"schema": [
			{
				"name": "BREED_SK",
				"type": "NUMBER",
				"precision": 10,
				"scale": 0
			},
			{
				"name": "START_DT",
				"type": "DATE"
			},
			{
				"name": "END_DT",
				"type": "DATE"
			},
			{
				"name": "IS_CURRENT",
				"type": "NUMBER",
				"precision": 10,
				"scale": 0
			},
			{
				"name": "BREED_DK",
				"type": "NUMBER",
				"precision": 10,
				"scale": 0
			},
			{
				"name": "SPECIES_NAME",
				"type": "VARCHAR"
			},
			{
				"name": "PRIMARY_BREED_NAME",
				"type": "VARCHAR"
			},
			{
				"name": "SECONDARY_BREED_NAME",
				"type": "VARCHAR"
			},
			{
				"name": "DI_JOB_ID",
				"type": "VARCHAR"
			},
			{
				"name": "DI_LOAD_DT",
				"type": "DATE"
			}
		],
		"typeProperties": {
			"schema": "NEW_SCHEMA",
			"table": "BREED_DIM"
		}
	}
}