{
	"name": "DelimitedText3",
	"properties": {
		"linkedServiceName": {
			"referenceName": "rawdatafrombrinze",
			"type": "LinkedServiceReference"
		},
		"annotations": [],
		"type": "DelimitedText",
		"typeProperties": {
			"location": {
				"type": "AzureBlobFSLocation",
				"fileName": "geo-data.csv",
				"fileSystem": "bronze"
			},
			"columnDelimiter": ",",
			"escapeChar": "\\",
			"firstRowAsHeader": true,
			"quoteChar": "\""
		},
		"schema": [
			{
				"name": "state_fips",
				"type": "String"
			},
			{
				"name": "state",
				"type": "String"
			},
			{
				"name": "state_abbr",
				"type": "String"
			},
			{
				"name": "zipcode",
				"type": "String"
			},
			{
				"name": "county",
				"type": "String"
			},
			{
				"name": "city",
				"type": "String"
			}
		]
	}
}