{
	"name": "DelimitedText1",
	"properties": {
		"linkedServiceName": {
			"referenceName": "AzureDataLakeStorage1",
			"type": "LinkedServiceReference"
		},
		"annotations": [],
		"type": "DelimitedText",
		"typeProperties": {
			"location": {
				"type": "AzureBlobFSLocation",
				"fileName": "Seattle_Pet_Licenses.tsv",
				"fileSystem": "bronze"
			},
			"columnDelimiter": "\t",
			"escapeChar": "\\",
			"firstRowAsHeader": true,
			"quoteChar": "\""
		},
		"schema": [
			{
				"name": "License Issue Date\tLicense Number\tAnimal's Name\tSpecies\tPrimary Breed\tSecondary Breed\tZIP Code",
				"type": "String"
			}
		]
	}
}