{
	"name": "Pet_lic",
	"properties": {
		"linkedServiceName": {
			"referenceName": "rawdatafrombrinze",
			"type": "LinkedServiceReference"
		},
		"annotations": [],
		"type": "DelimitedText",
		"typeProperties": {
			"location": {
				"type": "AzureBlobFSLocation",
				"fileName": "Seattle_Pet_Licenses.tsv",
				"fileSystem": "bronze"
			},
			"columnDelimiter": ",",
			"escapeChar": "\\",
			"firstRowAsHeader": true,
			"quoteChar": "\""
		},
		"schema": [
			{
				"name": "License Issue Date\tLicense Number\tAnimal's Name\tSpecies\tPrimary Breed\tSecondary Breed\tZIP Code",
				"type": "String"
			}
		]
	},
	"type": "Microsoft.DataFactory/factories/datasets"
}