{
	"name": "SnowflakeTable3",
	"properties": {
		"linkedServiceName": {
			"referenceName": "snowflake_pet_stage",
			"type": "LinkedServiceReference"
		},
		"annotations": [],
		"type": "SnowflakeV2Table",
		"schema": [
			{
				"name": "PET_LIC_SK",
				"type": "NUMBER",
				"precision": 10,
				"scale": 0
			},
			{
				"name": "DATE_SK",
				"type": "NUMBER",
				"precision": 10,
				"scale": 0
			},
			{
				"name": "LOCATION_SK",
				"type": "NUMBER",
				"precision": 10,
				"scale": 0
			},
			{
				"name": "BREED_SK",
				"type": "NUMBER",
				"precision": 10,
				"scale": 0
			},
			{
				"name": "LIC_NUM",
				"type": "VARCHAR"
			},
			{
				"name": "DI_JOB_ID",
				"type": "VARCHAR"
			},
			{
				"name": "DI_LOAD_DT",
				"type": "DATE"
			}
		],
		"typeProperties": {
			"schema": "NEW_SCHEMA",
			"table": "PET_LIC_FCT"
		}
	}
}