{
	"name": "TOSNOW_LOC",
	"properties": {
		"linkedServiceName": {
			"referenceName": "snowflake_pet_stage",
			"type": "LinkedServiceReference"
		},
		"annotations": [],
		"type": "SnowflakeV2Table",
		"schema": [
			{
				"name": "LOCATION_SK",
				"type": "NUMBER",
				"precision": 10,
				"scale": 0
			},
			{
				"name": "STATE",
				"type": "VARCHAR"
			},
			{
				"name": "STATE_ABBR",
				"type": "VARCHAR"
			},
			{
				"name": "ZIP_CODE",
				"type": "VARCHAR"
			},
			{
				"name": "CITY",
				"type": "VARCHAR"
			},
			{
				"name": "DI_JOB_ID",
				"type": "VARCHAR"
			},
			{
				"name": "DI_LOAD_DT",
				"type": "DATE"
			}
		],
		"typeProperties": {
			"schema": "NEW_SCHEMA",
			"table": "LOCATION_DIM"
		}
	}
}