{
	"name": "BREED",
	"properties": {
		"type": "MappingDataFlow",
		"typeProperties": {
			"sources": [
				{
					"dataset": {
						"referenceName": "SnowflakeTable2",
						"type": "DatasetReference"
					},
					"name": "source1"
				},
				{
					"dataset": {
						"referenceName": "BREED_S2",
						"type": "DatasetReference"
					},
					"name": "source2"
				},
				{
					"dataset": {
						"referenceName": "BREED_S2",
						"type": "DatasetReference"
					},
					"name": "source3"
				}
			],
			"sinks": [
				{
					"dataset": {
						"referenceName": "BREED_S2",
						"type": "DatasetReference"
					},
					"name": "sink1"
				}
			],
			"transformations": [
				{
					"name": "join1"
				},
				{
					"name": "aggregate1"
				},
				{
					"name": "join2"
				},
				{
					"name": "filter1"
				},
				{
					"name": "surrogateKey1"
				},
				{
					"name": "derivedColumn1"
				}
			],
			"scriptLines": [
				"source(output(",
				"          LICENSE_ISSUE_DATE as date,",
				"          SPECIES as string,",
				"          PRIMARY_BREED as string,",
				"          SECONDARY_BREED as string,",
				"          ZIP_CODE as decimal(38,0),",
				"          DI_JOB_ID as string,",
				"          DI_LOAD_DT as date,",
				"          LICENSE_NUMBER as string,",
				"          ANIMALS_NAME as string",
				"     ),",
				"     allowSchemaDrift: true,",
				"     validateSchema: false,",
				"     format: 'table') ~> source1",
				"source(output(",
				"          MAXBREEDSK as decimal(10,0)",
				"     ),",
				"     allowSchemaDrift: true,",
				"     validateSchema: false,",
				"     query: 'SELECT NVL(MAX(BREED_SK),0) as MaxBreedSK FROM NEW_SCHEMA.BREED_DIM',",
				"     format: 'query') ~> source2",
				"source(output(",
				"          BREED_SK as string,",
				"          START_DT as string,",
				"          END_DT as string,",
				"          IS_CURRENT as string,",
				"          BREED_DK as string,",
				"          SPECIES_NAME as string,",
				"          PRIMARY_BREED_NAME as string,",
				"          SECONDARY_BREED_NAME as string,",
				"          DI_JOB_ID as string,",
				"          DI_LOAD_DT as string",
				"     ),",
				"     allowSchemaDrift: true,",
				"     validateSchema: false,",
				"     format: 'table') ~> source3",
				"source1, source2 join(1==1,",
				"     joinType:'cross',",
				"     matchType:'exact',",
				"     ignoreSpaces: false,",
				"     broadcast: 'auto')~> join1",
				"join1 aggregate(groupBy(SPECIES,",
				"          PRIMARY_BREED,",
				"          SECONDARY_BREED,",
				"          MAXBREEDSK),",
				"     COUNT_ROW = count(LICENSE_NUMBER)) ~> aggregate1",
				"aggregate1, source3 join(PRIMARY_BREED == PRIMARY_BREED_NAME",
				"     && SECONDARY_BREED == SECONDARY_BREED_NAME",
				"     && SPECIES == SPECIES_NAME,",
				"     joinType:'left',",
				"     matchType:'exact',",
				"     ignoreSpaces: false,",
				"     broadcast: 'auto')~> join2",
				"join2 filter(isNull(SPECIES_NAME)&&isNull(PRIMARY_BREED_NAME)&&isNull(SECONDARY_BREED_NAME)) ~> filter1",
				"filter1 keyGenerate(output(ROW_NUM as long),",
				"     startAt: 1L,",
				"     stepValue: 1L) ~> surrogateKey1",
				"surrogateKey1 derive(BREED_SK = MAXBREEDSK + ROW_NUM,",
				"          DI_LOAD_DT = currentTimestamp(),",
				"          DI_JOB_ID = uuid()) ~> derivedColumn1",
				"derivedColumn1 sink(allowSchemaDrift: true,",
				"     validateSchema: false,",
				"     input(",
				"          BREED_SK as string,",
				"          START_DT as string,",
				"          END_DT as string,",
				"          IS_CURRENT as string,",
				"          BREED_DK as string,",
				"          SPECIES_NAME as string,",
				"          PRIMARY_BREED_NAME as string,",
				"          SECONDARY_BREED_NAME as string,",
				"          DI_JOB_ID as string,",
				"          DI_LOAD_DT as string",
				"     ),",
				"     deletable:false,",
				"     insertable:true,",
				"     updateable:false,",
				"     upsertable:false,",
				"     format: 'table',",
				"     stageInsert: true,",
				"     mapColumn(",
				"          BREED_SK,",
				"          START_DT,",
				"          END_DT,",
				"          IS_CURRENT,",
				"          BREED_DK,",
				"          SPECIES_NAME,",
				"          PRIMARY_BREED_NAME,",
				"          SECONDARY_BREED_NAME,",
				"          DI_JOB_ID,",
				"          DI_LOAD_DT",
				"     )) ~> sink1"
			]
		}
	}
}