{
	"name": "dataflow1",
	"properties": {
		"type": "MappingDataFlow",
		"typeProperties": {
			"sources": [
				{
					"dataset": {
						"referenceName": "SnowflakeTable2",
						"type": "DatasetReference"
					},
					"name": "SOURCE1"
				},
				{
					"dataset": {
						"referenceName": "TOSNOW_LOC",
						"type": "DatasetReference"
					},
					"name": "LOC"
				},
				{
					"dataset": {
						"referenceName": "BREED_S2",
						"type": "DatasetReference"
					},
					"name": "BREED"
				},
				{
					"dataset": {
						"referenceName": "SnowflakeTable4",
						"type": "DatasetReference"
					},
					"name": "DATE"
				},
				{
					"dataset": {
						"referenceName": "SnowflakeTable3",
						"type": "DatasetReference"
					},
					"name": "FACT"
				}
			],
			"sinks": [
				{
					"dataset": {
						"referenceName": "SnowflakeTable3",
						"type": "DatasetReference"
					},
					"name": "sink1"
				}
			],
			"transformations": [
				{
					"name": "join1"
				},
				{
					"name": "join2"
				},
				{
					"name": "join3"
				},
				{
					"name": "join4"
				},
				{
					"name": "select1"
				},
				{
					"name": "surrogateKey1"
				},
				{
					"name": "derivedColumn1"
				}
			],
			"scriptLines": [
				"source(output(",
				"          LICENSE_ISSUE_DATE as date,",
				"          SPECIES as string,",
				"          PRIMARY_BREED as string,",
				"          SECONDARY_BREED as string,",
				"          DI_JOB_ID as string,",
				"          DI_LOAD_DT as date,",
				"          LICENSE_NUMBER as string,",
				"          ANIMALS_NAME as string,",
				"          ZIP_CODE as string",
				"     ),",
				"     allowSchemaDrift: true,",
				"     validateSchema: false,",
				"     format: 'table') ~> SOURCE1",
				"source(output(",
				"          LOCATION_SK as decimal(10,0),",
				"          STATE as string,",
				"          STATE_ABBR as string,",
				"          ZIP_CODE as string,",
				"          CITY as string,",
				"          DI_JOB_ID as string,",
				"          DI_LOAD_DT as date",
				"     ),",
				"     allowSchemaDrift: true,",
				"     validateSchema: false,",
				"     format: 'table') ~> LOC",
				"source(output(",
				"          BREED_SK as decimal(10,0),",
				"          START_DT as date,",
				"          END_DT as date,",
				"          IS_CURRENT as decimal(10,0),",
				"          BREED_DK as decimal(10,0),",
				"          SPECIES_NAME as string,",
				"          PRIMARY_BREED_NAME as string,",
				"          SECONDARY_BREED_NAME as string,",
				"          DI_JOB_ID as string,",
				"          DI_LOAD_DT as date",
				"     ),",
				"     allowSchemaDrift: true,",
				"     validateSchema: false,",
				"     format: 'table') ~> BREED",
				"source(output(",
				"          DT as date,",
				"          ABRV_DAY_NAME as string,",
				"          MONTH_NAME as string,",
				"          START_DAY_OF_MONTH as date,",
				"          END_DAY_OF_MONTH as date,",
				"          QUARTER_NUM as decimal(2,0),",
				"          DAY_OF_WEEK as decimal(2,0),",
				"          IS_WEEKEND as decimal(1,0),",
				"          YEAR_NUM as decimal(4,0),",
				"          MONTH_NUM as decimal(2,0),",
				"          DAY_NUM as decimal(2,0),",
				"          DATE_DIM_SK as string",
				"     ),",
				"     allowSchemaDrift: true,",
				"     validateSchema: false,",
				"     format: 'table') ~> DATE",
				"source(output(",
				"          MAX_LIC as decimal(10,0)",
				"     ),",
				"     allowSchemaDrift: true,",
				"     validateSchema: false,",
				"     query: 'SELECT NVL(MAX(PET_LIC_SK),0) AS MAX_LIC FROM NEW_SCHEMA.PET_LIC_FCT',",
				"     format: 'query') ~> FACT",
				"SOURCE1, LOC join(SOURCE1@ZIP_CODE == LOC@ZIP_CODE,",
				"     joinType:'inner',",
				"     matchType:'exact',",
				"     ignoreSpaces: false,",
				"     broadcast: 'auto')~> join1",
				"join1, BREED join(PRIMARY_BREED == PRIMARY_BREED_NAME",
				"     && SECONDARY_BREED == SECONDARY_BREED_NAME",
				"     && SPECIES == SPECIES_NAME,",
				"     joinType:'inner',",
				"     matchType:'exact',",
				"     ignoreSpaces: false,",
				"     broadcast: 'auto')~> join2",
				"join2, DATE join(LICENSE_ISSUE_DATE == DT,",
				"     joinType:'inner',",
				"     matchType:'exact',",
				"     ignoreSpaces: false,",
				"     broadcast: 'auto')~> join3",
				"join3, FACT join(1==1,",
				"     joinType:'cross',",
				"     matchType:'exact',",
				"     ignoreSpaces: false,",
				"     broadcast: 'auto')~> join4",
				"join4 select(mapColumn(",
				"          DI_JOB_ID = SOURCE1@DI_JOB_ID,",
				"          DI_LOAD_DT = SOURCE1@DI_LOAD_DT,",
				"          BREED_SK,",
				"          DATE_DIM_SK,",
				"          LOCATION_SK,",
				"          PET_LIC_SK = MAX_LIC",
				"     ),",
				"     skipDuplicateMapInputs: true,",
				"     skipDuplicateMapOutputs: true) ~> select1",
				"select1 keyGenerate(output(ROW_NUM as long),",
				"     startAt: 1L,",
				"     stepValue: 1L) ~> surrogateKey1",
				"surrogateKey1 derive(PET_LIC_SK = PET_LIC_SK + ROW_NUM) ~> derivedColumn1",
				"derivedColumn1 sink(allowSchemaDrift: true,",
				"     validateSchema: false,",
				"     input(",
				"          PET_LIC_SK as string,",
				"          DATE_SK as string,",
				"          LOCATION_SK as string,",
				"          BREED_SK as string,",
				"          LIC_NUM as string,",
				"          DI_JOB_ID as string,",
				"          DI_LOAD_DT as string",
				"     ),",
				"     deletable:false,",
				"     insertable:true,",
				"     updateable:false,",
				"     upsertable:false,",
				"     format: 'table',",
				"     stageInsert: true,",
				"     mapColumn(",
				"          PET_LIC_SK,",
				"          DATE_SK = DATE_DIM_SK,",
				"          LOCATION_SK,",
				"          BREED_SK,",
				"          DI_JOB_ID,",
				"          DI_LOAD_DT",
				"     )) ~> sink1"
			]
		}
	}
}