{
	"name": "LOCATIONDATA",
	"properties": {
		"type": "MappingDataFlow",
		"typeProperties": {
			"sources": [
				{
					"dataset": {
						"referenceName": "DelimitedText3",
						"type": "DatasetReference"
					},
					"name": "source1"
				}
			],
			"sinks": [
				{
					"dataset": {
						"referenceName": "TOSNOW_LOC",
						"type": "DatasetReference"
					},
					"name": "sink1"
				}
			],
			"transformations": [
				{
					"name": "surrogateKey1"
				},
				{
					"name": "derivedColumn1"
				}
			],
			"scriptLines": [
				"source(output(",
				"          state_fips as short,",
				"          state as string,",
				"          state_abbr as string,",
				"          zipcode as string,",
				"          county as string,",
				"          city as string",
				"     ),",
				"     allowSchemaDrift: true,",
				"     validateSchema: false,",
				"     ignoreNoFilesFound: false) ~> source1",
				"source1 keyGenerate(output(SK_ID as long),",
				"     startAt: 1L,",
				"     stepValue: 1L) ~> surrogateKey1",
				"surrogateKey1 derive(DI_LOAD_DT = currentTimestamp(),",
				"          DI_JOB_ID = uuid()) ~> derivedColumn1",
				"derivedColumn1 sink(allowSchemaDrift: true,",
				"     validateSchema: false,",
				"     input(",
				"          LOCATION_SK as string,",
				"          STATE as string,",
				"          STATE_ABBR as string,",
				"          ZIP_CODE as string,",
				"          CITY as string,",
				"          DI_JOB_ID as string,",
				"          DI_LOAD_DT as string",
				"     ),",
				"     deletable:false,",
				"     insertable:true,",
				"     updateable:false,",
				"     upsertable:false,",
				"     format: 'table',",
				"     stageInsert: true,",
				"     mapColumn(",
				"          LOCATION_SK = SK_ID,",
				"          STATE = state,",
				"          STATE_ABBR = state_abbr,",
				"          ZIP_CODE = zipcode,",
				"          CITY = city,",
				"          DI_JOB_ID,",
				"          DI_LOAD_DT",
				"     )) ~> sink1"
			]
		}
	}
}